faculty_name,department_name,member_name,profile_url
Faculty of Arts,Anthropology,André Czegledy,https://www.wlu.ca/academics/faculties/faculty-of-arts/faculty-profiles/andre-czegledy/index.html
Faculty of Arts,Anthropology | Cultural Analysis and Social Theory,Natasha Pravaz,https://www.wlu.ca/academics/faculties/faculty-of-arts/faculty-profiles/natasha-pravaz/index.html
Faculty of Arts,Anthropology | Global Studies,Tanya Richardson,https://www.wlu.ca/academics/faculties/faculty-of-arts/faculty-profiles/tanya-richardson/index.html
Faculty of Arts,Anthropology,Christina Woolner,https://www.wlu.ca/academics/faculties/faculty-of-arts/faculty-profiles/christina-woolner/index.html
Faculty of Arts,Archaeology and Heritage Studies,Creighton Avery,https://www.wlu.ca/academics/faculties/faculty-of-arts/faculty-profiles/creighton-avery/index.html
Faculty of Arts,Archaeology and Heritage Studies,Scott Gallimore,https://www.wlu.ca/academics/faculties/faculty-of-arts/faculty-profiles/scott-gallimore/index.html
Faculty of Arts,"Communication Studies, and Cultural Studies | Women and Gender Studies",Alexandra Boutros,https://www.wlu.ca/academics/faculties/faculty-of-arts/faculty-profiles/alexandra-boutros/index.html
Faculty of Arts,"Communication Studies, and Cultural Studies",Shaunasea Brown,https://www.wlu.ca/academics/faculties/faculty-of-arts/faculty-profiles/shaunasea-brown/index.html
Faculty of Arts,"Communication Studies, and Cultural Studies",Colleen Daniher,https://www.wlu.ca/academics/faculties/faculty-of-arts/faculty-profiles/colleen-daniher/index.html
Faculty of Arts,"Communication Studies, and Cultural Studies",Greig de Peuter,https://www.wlu.ca/academics/faculties/faculty-of-arts/faculty-profiles/greig-de-peuter/index.html
Faculty of Arts,"Communication Studies, and Cultural Studies",Elin Edwards,https://www.wlu.ca/academics/faculties/faculty-of-arts/faculty-profiles/elin-edwards/index.html
Faculty of Arts,"Communication Studies, and Cultural Studies",Jonathan Finn,https://www.wlu.ca/academics/faculties/faculty-of-arts/faculty-profiles/jonathan-finn/index.html
Faculty of Arts,"Communication Studies, and Cultural Studies | Women and Gender Studies",Jenna Hennebry,https://www.wlu.ca/academics/faculties/faculty-of-arts/faculty-profiles/jenna-l-hennebry/index.html
Faculty of Arts,"Communication Studies, and Cultural Studies",Andrew Herman,https://www.wlu.ca/academics/faculties/faculty-of-arts/faculty-profiles/andrew-herman/index.html
Faculty of Arts,"Communication Studies, and Cultural Studies",Jeff Heydon,https://www.wlu.ca/academics/faculties/faculty-of-arts/faculty-profiles/jeff-heydon/index.html
Faculty of Arts,"Communication Studies, and Cultural Studies",Jeremy Hunsinger,https://www.wlu.ca/academics/faculties/faculty-of-arts/faculty-profiles/jeremy-hunsinger/index.html
Faculty of Arts,"Communication Studies, and Cultural Studies | Cultural Analysis and Social Theory | Women and Gender Studies",Penelope Ironstone,https://www.wlu.ca/academics/faculties/faculty-of-arts/faculty-profiles/penelope-ironstone/index.html
Faculty of Arts,"Communication Studies, and Cultural Studies",Barbara Jenkins,https://www.wlu.ca/academics/faculties/faculty-of-arts/faculty-profiles/barbara-jenkins/index.html
Faculty of Arts,"Communication Studies, and Cultural Studies",Sara Matthews,https://www.wlu.ca/academics/faculties/faculty-of-arts/faculty-profiles/sara-matthews/index.html
Faculty of Arts,"Communication Studies, and Cultural Studies",Jade Miller,https://www.wlu.ca/academics/faculties/faculty-of-arts/faculty-profiles/jade-l-miller/index.html
Faculty of Arts,"Communication Studies, and Cultural Studies",Judith Nicholson,https://www.wlu.ca/academics/faculties/faculty-of-arts/faculty-profiles/judith-a-nicholson/index.html
Faculty of Arts,"Communication Studies, and Cultural Studies | Cultural Analysis and Social Theory | Women and Gender Studies",H. F. Pimlott,https://www.wlu.ca/academics/faculties/faculty-of-arts/faculty-profiles/hillary-pimlott/index.html
Faculty of Arts,"Communication Studies, and Cultural Studies",Nathan Rambukkana,https://www.wlu.ca/academics/faculties/faculty-of-arts/faculty-profiles/nathan-rambukkana/index.html
Faculty of Arts,"Communication Studies, and Cultural Studies",Ian Roderick,https://www.wlu.ca/academics/faculties/faculty-of-arts/faculty-profiles/ian-roderick/index.html
Faculty of Arts,"Communication Studies, and Cultural Studies",Sananda Sahoo,https://www.wlu.ca/academics/faculties/faculty-of-arts/faculty-profiles/sananda-sahoo/index.html
Faculty of Arts,"Communication Studies, and Cultural Studies",M. Carl Simpson,https://www.wlu.ca/academics/faculties/faculty-of-arts/faculty-profiles/carl-simpson/index.html
Faculty of Arts,"Communication Studies, and Cultural Studies",Lindsay Thistle,https://www.wlu.ca/academics/faculties/faculty-of-arts/faculty-profiles/lindsay-thistle/index.html
Faculty of Arts,"Communication Studies, and Cultural Studies",Neal Thomas,https://www.wlu.ca/academics/faculties/faculty-of-arts/faculty-profiles/neal-thomas/index.html
Faculty of Arts,"Communication Studies, and Cultural Studies",Peter Urquhart,https://www.wlu.ca/academics/faculties/faculty-of-arts/faculty-profiles/peter-urquhart/index.html
Faculty of Arts,"Communication Studies, and Cultural Studies",James Stinson,https://www.wlu.ca/academics/faculties/faculty-of-arts/faculty-profiles/james-stinson/index.html
Faculty of Arts,Cultural Analysis and Social Theory | Sociology,Greg Bird,https://www.wlu.ca/academics/faculties/faculty-of-arts/faculty-profiles/greg-bird/index.html
Faculty of Arts | Faculty of Liberal Arts,Cultural Analysis and Social Theory | Law and Society | Social Justice and Community Engagement (MA),Marcia Oliver,https://www.wlu.ca/academics/faculties/faculty-of-liberal-arts/faculty-profiles/marcia-oliver/index.html
Faculty of Arts | Faculty of Liberal Arts,Cultural Analysis and Social Theory | Youth and Children's Studies,Edward Shizha,https://www.wlu.ca/academics/faculties/faculty-of-liberal-arts/faculty-profiles/edward-shizha/index.html
Faculty of Arts,Cultural Analysis and Social Theory | Global Studies,Alicia Sliwinski,https://www.wlu.ca/academics/faculties/faculty-of-arts/faculty-profiles/alicia-sliwinski/index.html
Faculty of Arts,Cultural Analysis and Social Theory | Languages and Literatures,Milo Sweedler,https://www.wlu.ca/academics/faculties/faculty-of-arts/faculty-profiles/milo-sweedler/index.html
Faculty of Arts | Faculty of Liberal Arts,Cultural Analysis and Social Theory | User Experience Design,Kenneth Werbin,https://www.wlu.ca/academics/faculties/faculty-of-liberal-arts/faculty-profiles/kenneth-werbin/index.html
Faculty of Arts,Cultural Analysis and Social Theory | Religion and Culture | Sociology,Jasmin Zine,https://www.wlu.ca/academics/faculties/faculty-of-arts/faculty-profiles/jasmin-zine/index.html
Faculty of Arts,English and Film Studies,Sandra Annett,https://www.wlu.ca/academics/faculties/faculty-of-arts/faculty-profiles/sandra-annett/index.html
Faculty of Arts,English and Film Studies,Andrea Austin,https://www.wlu.ca/academics/faculties/faculty-of-arts/faculty-profiles/andrea-austin/index.html
Faculty of Arts,English and Film Studies,Katherine Bell,https://www.wlu.ca/academics/faculties/faculty-of-arts/faculty-profiles/katherine-bell/index.html
Faculty of Arts,English and Film Studies,Jing Jing Chang,https://www.wlu.ca/academics/faculties/faculty-of-arts/faculty-profiles/jing-jing-chang/index.html
Faculty of Arts,English and Film Studies,Andrea Davis,https://www.wlu.ca/academics/faculties/faculty-of-arts/faculty-profiles/andrea-davis/index.html
Faculty of Arts,English and Film Studies,Tamas Dobozy,https://www.wlu.ca/academics/faculties/faculty-of-arts/faculty-profiles/tamas-dobozy/index.html
Faculty of Arts,English and Film Studies,Philippa Gates,https://www.wlu.ca/academics/faculties/faculty-of-arts/faculty-profiles/philippa-gates/index.html
Faculty of Arts,English and Film Studies,Madelaine Hron,https://www.wlu.ca/academics/faculties/faculty-of-arts/faculty-profiles/madelaine-hron/index.html
Faculty of Arts,English and Film Studies,Dru Jeffries,https://www.wlu.ca/academics/faculties/faculty-of-arts/faculty-profiles/dru-jeffries/index.html
Faculty of Arts,English and Film Studies,Jenny Kerber,https://www.wlu.ca/academics/faculties/faculty-of-arts/faculty-profiles/jenny-kerber/index.html
Faculty of Arts,English and Film Studies,Russell Kilbourn,https://www.wlu.ca/academics/faculties/faculty-of-arts/faculty-profiles/russell-kilbourn/index.html
Faculty of Arts,English and Film Studies,Benjamin Lefebvre,https://www.wlu.ca/academics/faculties/faculty-of-arts/faculty-profiles/benjamin-lefebvre/index.html
Faculty of Arts,English and Film Studies,Tanis MacDonald,https://www.wlu.ca/academics/faculties/faculty-of-arts/faculty-profiles/tanis-macdonald/index.html
Faculty of Arts,English and Film Studies,Meelad Moaphi,https://www.wlu.ca/academics/faculties/faculty-of-arts/faculty-profiles/meelad-moaphi/index.html
Faculty of Arts,English and Film Studies,Richard Nemesvari,https://www.wlu.ca/academics/faculties/faculty-of-arts/faculty-profiles/richard-nemesvari/index.html
Faculty of Arts,English and Film Studies,Glen Norton,https://www.wlu.ca/academics/faculties/faculty-of-arts/faculty-profiles/glen-norton/index.html
Faculty of Arts,English and Film Studies,Zainab Ayoza Omaki,https://www.wlu.ca/academics/faculties/faculty-of-arts/faculty-profiles/zainab-ayoza-omaki/index.html
Faculty of Arts,English and Film Studies,Mariam Pirbhai,https://www.wlu.ca/academics/faculties/faculty-of-arts/faculty-profiles/mariam-pirbhai/index.html
Faculty of Arts,English and Film Studies,Markus Poetzsch,https://www.wlu.ca/academics/faculties/faculty-of-arts/faculty-profiles/markus-poetzsch/index.html
Faculty of Arts,English and Film Studies,Katherine Spring,https://www.wlu.ca/academics/faculties/faculty-of-arts/faculty-profiles/katherine-spring/index.html
Faculty of Arts,English and Film Studies,Jeffrey Thompson,https://www.wlu.ca/academics/faculties/faculty-of-arts/faculty-profiles/jeffrey-thompson/index.html
Faculty of Arts,English and Film Studies,Eleanor Ty,https://www.wlu.ca/academics/faculties/faculty-of-arts/faculty-profiles/eleanor-ty/index.html
Faculty of Arts,English and Film Studies,Emily Urquhart,https://www.wlu.ca/academics/faculties/faculty-of-arts/faculty-profiles/emily-urquhart/index.html
Faculty of Arts,English and Film Studies,Lauren Weindling,https://www.wlu.ca/academics/faculties/faculty-of-arts/faculty-profiles/lauren-weindling/index.html
Faculty of Arts,English and Film Studies,Bruce Wyse,https://www.wlu.ca/academics/faculties/faculty-of-arts/faculty-profiles/bruce-wyse/index.html
Faculty of Arts,English and Film Studies,Robin Waugh,https://www.wlu.ca/academics/faculties/faculty-of-arts/faculty-profiles/robin-waugh/index.html
Faculty of Arts,English and Film Studies,Lynn Shakinovsky,https://www.wlu.ca/academics/faculties/faculty-of-arts/faculty-profiles/lynn-shakinovsky/index.html
Faculty of Arts,Global Studies,Ehaab D. Abdou,https://www.wlu.ca/academics/faculties/faculty-of-arts/faculty-profiles/ehaab-abdou/index.html
Faculty of Arts,Global Studies,Joanne Benham-Rennick,https://www.wlu.ca/academics/faculties/faculty-of-arts/faculty-profiles/joanne-benham-rennick/index.html
Faculty of Arts,Global Studies,Tom Deligiannis,https://www.wlu.ca/academics/faculties/faculty-of-arts/faculty-profiles/tom-deligiannis/index.html
Faculty of Arts,Global Studies,Timothy Donais,https://www.wlu.ca/academics/faculties/faculty-of-arts/faculty-profiles/timothy-donais/index.html
Faculty of Arts,Global Studies,John Boye Ejobowah,https://www.wlu.ca/academics/faculties/faculty-of-arts/faculty-profiles/john-boye-ejobowah/index.html
Faculty of Arts,Global Studies,Chad Hillier,https://www.wlu.ca/academics/faculties/faculty-of-liberal-arts/faculty-profiles/harold-chad-hillier/index.html
Faculty of Arts | Faculty of Science,Global Studies | Geography and Environmental Studies,Alex Latta,https://www.wlu.ca/academics/faculties/faculty-of-arts/faculty-profiles/alex-latta/index.html
Faculty of Arts,Global Studies | Religion and Culture,Ali Zaidi,https://www.wlu.ca/academics/faculties/faculty-of-arts/faculty-profiles/ali-hassan-zaidi/index.html
Faculty of Arts,Global Studies | Women and Gender Studies,Shahnaz Khan,https://www.wlu.ca/academics/faculties/faculty-of-arts/faculty-profiles/shahnaz-khan/index.html
Faculty of Arts,Global Studies | Religion and Culture,Edmund Pries,https://www.wlu.ca/academics/faculties/faculty-of-arts/faculty-profiles/edmund-pries/index.html
Faculty of Arts,"History, Ancient Studies | Religion and Culture",Gavin Brockett,https://www.wlu.ca/academics/faculties/faculty-of-arts/faculty-profiles/gavin-brockett/index.html
Faculty of Arts,"History, Ancient Studies",Blaine Chiasson,https://www.wlu.ca/academics/faculties/faculty-of-arts/faculty-profiles/blaine-chiasson/index.html
Faculty of Arts,"History, Ancient Studies",Adam Crerar,https://www.wlu.ca/academics/faculties/faculty-of-arts/faculty-profiles/adam-crerar/index.html
Faculty of Arts,"History, Ancient Studies",Darryl Dee,https://www.wlu.ca/academics/faculties/faculty-of-arts/faculty-profiles/darryl-dee/index.html
Faculty of Arts,"History, Ancient Studies",Karljürgen Feuerherm,https://www.wlu.ca/academics/faculties/faculty-of-arts/faculty-profiles/karljurgen-feuerherm/index.html
Faculty of Arts,"History, Ancient Studies",Judith Fletcher,https://www.wlu.ca/academics/faculties/faculty-of-arts/faculty-profiles/judith-fletcher/index.html
Faculty of Arts,"History, Ancient Studies",Leonard Friesen,https://www.wlu.ca/academics/faculties/faculty-of-arts/faculty-profiles/leonard-friesen/index.html
Faculty of Arts,"History, Ancient Studies",Jeff Grischow,https://www.wlu.ca/academics/faculties/faculty-of-arts/faculty-profiles/jeff-grischow/index.html
Faculty of Arts,"History, Ancient Studies",Mark Humphries,https://www.wlu.ca/academics/faculties/faculty-of-arts/faculty-profiles/mark-humphries/index.html
Faculty of Arts,"History, Ancient Studies",Lianne Leddy,https://www.wlu.ca/academics/faculties/faculty-of-arts/faculty-profiles/lianne-c-leddy/index.html
Faculty of Arts,"History, Ancient Studies",Amy Milne-Smith,https://www.wlu.ca/academics/faculties/faculty-of-arts/faculty-profiles/amy-milne-smith/index.html
Faculty of Arts,"History, Ancient Studies",David Monod,https://www.wlu.ca/academics/faculties/faculty-of-arts/faculty-profiles/david-monod/index.html
Faculty of Arts,"History, Ancient Studies | North American Studies",Darren Mulloy,https://www.wlu.ca/academics/faculties/faculty-of-arts/faculty-profiles/darren-mulloy/index.html
Faculty of Arts,"History, Ancient Studies",Susan Neylan,https://www.wlu.ca/academics/faculties/faculty-of-arts/faculty-profiles/susan-neylan/index.html
Faculty of Arts,"History, Ancient Studies | Medieval and Medievalism Studies",Chris L. Nighman,https://www.wlu.ca/academics/faculties/faculty-of-arts/faculty-profiles/chris-l-nighman/index.html
Faculty of Arts,"History, Ancient Studies",Eva Plach,https://www.wlu.ca/academics/faculties/faculty-of-arts/faculty-profiles/eva-plach/index.html
Faculty of Arts,"History, Ancient Studies",David Smith,https://www.wlu.ca/academics/faculties/faculty-of-arts/faculty-profiles/david-smith/index.html
Faculty of Arts,"History, Ancient Studies | North American Studies",Kevin A. Spooner,https://www.wlu.ca/academics/faculties/faculty-of-arts/faculty-profiles/kevin-spooner/index.html
Faculty of Arts,"History, Ancient Studies",Eric Story,https://www.wlu.ca/academics/faculties/faculty-of-arts/faculty-profiles/eric-story/index.html
Faculty of Arts,"History, Ancient Studies",Dana Elizabeth Weiner,https://www.wlu.ca/academics/faculties/faculty-of-arts/faculty-profiles/dana-elizabeth-weiner/index.html
Faculty of Arts,Languages and Literatures,Mihaiela Despau,https://www.wlu.ca/academics/faculties/faculty-of-arts/faculty-profiles/mihaiela-despau/index.html
Faculty of Arts,Languages and Literatures,Nathalie Freidel,https://www.wlu.ca/academics/faculties/faculty-of-arts/faculty-profiles/nathalie-freidel/index.html
Faculty of Arts,Languages and Literatures,Jane Newland,https://www.wlu.ca/academics/faculties/faculty-of-arts/faculty-profiles/jane-newland/index.html
Faculty of Arts,Languages and Literatures,Simona Pruteanu,https://www.wlu.ca/academics/faculties/faculty-of-arts/faculty-profiles/simona-emilia-pruteanu/index.html
Faculty of Arts,Languages and Literatures,Marc Olivier Reid,https://www.wlu.ca/academics/faculties/faculty-of-arts/faculty-profiles/marc-olivier-reid/index.html
Faculty of Arts,Languages and Literatures | North American Studies,Katherine Ann Roberts,https://www.wlu.ca/academics/faculties/faculty-of-arts/faculty-profiles/katherine-roberts/index.html
Faculty of Arts,Languages and Literatures,John W. Schwieter,https://www.wlu.ca/academics/faculties/faculty-of-arts/faculty-profiles/john-w-schwieter/index.html
Faculty of Arts,Languages and Literatures,Monica Stellin,https://www.wlu.ca/academics/faculties/faculty-of-arts/faculty-profiles/monica-stellin/index.html
Faculty of Arts,Languages and Literatures,Alexandra Zimmermann,https://www.wlu.ca/academics/faculties/faculty-of-arts/faculty-profiles/alexandra-zimmermann/index.html
Faculty of Arts,North American Studies | Political Science,Chris Anderson,https://www.wlu.ca/academics/faculties/faculty-of-arts/faculty-profiles/christopher-g-anderson/index.html
Faculty of Arts,North American Studies | Political Science,Jörg Broschek,https://www.wlu.ca/academics/faculties/faculty-of-arts/faculty-profiles/jorg-broschek/index.html
Faculty of Arts,North American Studies | Sociology,Lucy Luccisano,https://www.wlu.ca/academics/faculties/faculty-of-arts/faculty-profiles/lucy-luccisano/index.html
Faculty of Arts,North American Studies,Bina Mehta,https://www.wlu.ca/academics/faculties/faculty-of-arts/faculty-profiles/bina-mehta/index.html
Faculty of Arts,North American Studies | Political Science,Brian Tanguay,https://www.wlu.ca/academics/faculties/faculty-of-arts/faculty-profiles/brian-tanguay/index.html
Faculty of Arts,North American Studies | Political Science,Debora VanNijnatten,https://www.wlu.ca/academics/faculties/faculty-of-arts/faculty-profiles/debora-vannijnatten/index.html
Faculty of Arts,Philosophy,Kathy Behrendt,https://www.wlu.ca/academics/faculties/faculty-of-arts/faculty-profiles/kathy-behrendt/index.html
Faculty of Arts,Philosophy,Neil Campbell,https://www.wlu.ca/academics/faculties/faculty-of-arts/faculty-profiles/neil-campbell/index.html
Faculty of Arts,Philosophy,Gary Foster,https://www.wlu.ca/academics/faculties/faculty-of-arts/faculty-profiles/gary-foster/index.html
Faculty of Arts,Philosophy,Rebekah Johnston,https://www.wlu.ca/academics/faculties/faculty-of-arts/faculty-profiles/rebekah-johnston/index.html
Faculty of Arts,Philosophy,Christinia Landry,https://www.wlu.ca/academics/faculties/faculty-of-arts/faculty-profiles/christinia-landry/index.html
Faculty of Arts,Philosophy,Ashwani Peetush,https://www.wlu.ca/academics/faculties/faculty-of-arts/faculty-profiles/ashwani-peetush/index.html
Faculty of Arts,Philosophy,Jill Rusin,https://www.wlu.ca/academics/faculties/faculty-of-arts/faculty-profiles/jill-rusin/index.html
Faculty of Arts,Philosophy,Byron Williston,https://www.wlu.ca/academics/faculties/faculty-of-arts/faculty-profiles/byron-williston/index.html
Faculty of Arts,Philosophy,Renato Cristi,https://www.wlu.ca/academics/faculties/faculty-of-arts/faculty-profiles/renato-cristi/index.html
Faculty of Arts,Political Science | Women and Gender Studies,Andrea M. Brown,https://www.wlu.ca/academics/faculties/faculty-of-arts/faculty-profiles/andrea-m-brown/index.html
Faculty of Arts,Political Science,Alistair Edgar,https://www.wlu.ca/academics/faculties/faculty-of-arts/faculty-profiles/alistair-edgar/index.html
Faculty of Arts,Political Science,Patricia Goff,https://www.wlu.ca/academics/faculties/faculty-of-arts/faculty-profiles/patricia-goff/index.html
Faculty of Arts,Political Science,Dejan Guzina,https://www.wlu.ca/academics/faculties/faculty-of-arts/faculty-profiles/dejan-guzina/index.html
Faculty of Arts,Political Science,Derek Hall,https://www.wlu.ca/academics/faculties/faculty-of-arts/faculty-profiles/derek-hall/index.html
Faculty of Arts,Political Science,Loren King,https://www.wlu.ca/academics/faculties/faculty-of-arts/faculty-profiles/loren-king/index.html
Faculty of Arts,Political Science,Audra Mitchell,https://www.wlu.ca/academics/faculties/faculty-of-arts/faculty-profiles/audra-mitchell/index.html
Faculty of Arts,Political Science,Andrea Perrella,https://www.wlu.ca/academics/faculties/faculty-of-arts/faculty-profiles/andrea-perrella/index.html
Faculty of Arts,Political Science,Laura Pin,https://www.wlu.ca/academics/faculties/faculty-of-arts/faculty-profiles/laura-pin/index.html
Faculty of Arts,Political Science,Jason Roy,https://www.wlu.ca/academics/faculties/faculty-of-arts/faculty-profiles/jason-roy/index.html
Faculty of Arts,Political Science,Kim Rygiel,https://www.wlu.ca/academics/faculties/faculty-of-arts/faculty-profiles/kim-rygiel/index.html
Faculty of Arts,Political Science | Women and Gender Studies,Izabela Steflja,https://www.wlu.ca/academics/faculties/faculty-of-arts/faculty-profiles/izabela-steflja/index.html
Faculty of Arts,Political Science,Rhoda Howard-Hassmann,https://www.wlu.ca/academics/faculties/faculty-of-arts/faculty-profiles/rhoda-e-howard-hassmann/index.html
Faculty of Arts,Political Science,Thomas O. Hueglin,https://www.wlu.ca/academics/faculties/faculty-of-arts/faculty-profiles/thomas-o-hueglin/index.html
Faculty of Arts,Political Science,Rianne Mahon,https://www.wlu.ca/academics/faculties/faculty-of-arts/faculty-profiles/rianne-mahon/index.html
Faculty of Arts,Political Science,Yasmine Shamsie,https://www.wlu.ca/academics/faculties/faculty-of-arts/faculty-profiles/yasmine-shamsie/index.html
Faculty of Arts,Religion and Culture,Abderrahman Beggar,https://www.wlu.ca/academics/faculties/faculty-of-arts/faculty-profiles/abderrahman-beggar/faculty_arts_abderrahman_beggar.jpg
Faculty of Arts,Religion and Culture,Kevin Burrell,https://www.wlu.ca/academics/faculties/faculty-of-arts/faculty-profiles/kevin-burrell/index.html
Faculty of Arts,Religion and Culture,Carol B. Duncan,https://www.wlu.ca/academics/faculties/faculty-of-arts/faculty-profiles/carol-duncan/index.html
Faculty of Arts,Religion and Culture,Erich Fox Tree,https://www.wlu.ca/academics/faculties/faculty-of-arts/faculty-profiles/erich-fox-tree/index.html
Faculty of Arts,Religion and Culture,Ashley Lebner,https://www.wlu.ca/academics/faculties/faculty-of-arts/faculty-profiles/ashley-lebner/index.html
Faculty of Arts,Religion and Culture,Jason Neelis,https://www.wlu.ca/academics/faculties/faculty-of-arts/faculty-profiles/jason-neelis/index.html
Faculty of Arts,Religion and Culture,Meena Sharify-Funk,https://www.wlu.ca/academics/faculties/faculty-of-arts/faculty-profiles/meena-sharify-funk/index.html
Faculty of Arts,Religion and Culture,Michel Desjardins,https://www.wlu.ca/academics/faculties/faculty-of-arts/faculty-profiles/michel-desjardins/index.html
Faculty of Arts,Religion and Culture,Paul Freston,https://www.wlu.ca/academics/faculties/faculty-of-arts/faculty-profiles/paul-freston/index.html
Faculty of Arts,Religion and Culture,Christopher F. J. Ross,https://www.wlu.ca/academics/faculties/faculty-of-arts/faculty-profiles/christopher-f-j-ross/index.html
Faculty of Arts,Sociology,Jeffrey P. Aguinaldo,https://www.wlu.ca/academics/faculties/faculty-of-arts/faculty-profiles/jeffrey-p-aguinaldo/index.html
Faculty of Arts,Sociology,Richard Christy,https://www.wlu.ca/academics/faculties/faculty-of-arts/faculty-profiles/richard-d-christy/index.html
Faculty of Arts,Sociology,Christine Knott,https://www.wlu.ca/academics/faculties/faculty-of-arts/faculty-profiles/christine-knott/index.html
Faculty of Arts,Sociology,Qian Wei,https://www.wlu.ca/academics/faculties/faculty-of-arts/faculty-profiles/qian-wei/index.html
Faculty of Arts,Sociology,Linda Quirke,https://www.wlu.ca/academics/faculties/faculty-of-arts/faculty-profiles/linda-quirke/index.html
Faculty of Arts,Sociology,Dana Sawchuk,https://www.wlu.ca/academics/faculties/faculty-of-arts/faculty-profiles/dana-sawchuk/index.html
Faculty of Arts,Sociology,Garry Potter,https://www.wlu.ca/academics/faculties/faculty-of-arts/faculty-profiles/garry-potter/index.html
Faculty of Arts,Sociology,Glenda Wall,https://www.wlu.ca/academics/faculties/faculty-of-arts/faculty-profiles/glenda-wall/index.html
Faculty of Arts | Faculty of Human and Social Sciences,Women and Gender Studies | Criminology,Stacey Hannem,https://www.wlu.ca/academics/faculties/faculty-of-human-and-social-sciences/faculty-profiles/stacey-hannem/index.html
Faculty of Arts | Faculty of Liberal Arts,Women and Gender Studies | Social Justice and Community Engagement (MA),Karen Stote,https://www.wlu.ca/academics/faculties/faculty-of-arts/faculty-profiles/karen-stote/index.html
Faculty of Human and Social Sciences,Applied Health Sciences | Health Studies,Kari Brozowski,https://www.wlu.ca/academics/faculties/faculty-of-human-and-social-sciences/faculty-profiles/kari-brozowski/index.html
Faculty of Human and Social Sciences,Applied Health Sciences | Health Studies,Tim Gawley,https://www.wlu.ca/academics/faculties/faculty-of-human-and-social-sciences/faculty-profiles/tim-gawley/index.html
Faculty of Human and Social Sciences | Faculty of Liberal Arts,Applied Health Sciences | Health Studies | Social and Environmental Justice | Social Justice and Community Engagement (MA),Rebecca Godderis,https://www.wlu.ca/academics/faculties/faculty-of-liberal-arts/faculty-profiles/rebecca-godderis/index.html
Faculty of Human and Social Sciences,Applied Health Sciences | Health Studies,James A. LeClair,https://www.wlu.ca/academics/faculties/faculty-of-human-and-social-sciences/faculty-profiles/james-leclair/index.html
Faculty of Human and Social Sciences | Faculty of Liberal Arts,Applied Health Sciences | Health Studies | Social Justice and Community Engagement (MA),Janet McLaughlin,https://www.wlu.ca/academics/faculties/faculty-of-human-and-social-sciences/faculty-profiles/janet-mclaughlin/index.html
Faculty of Human and Social Sciences | Faculty of Science,Applied Health Sciences | Health Studies | Dean of Science Office,Richelle Monaghan,https://www.wlu.ca/academics/faculties/faculty-of-human-and-social-sciences/faculty-profiles/richelle-monaghan/index.html
Faculty of Human and Social Sciences | Faculty of Liberal Arts | Faculty of Science,Applied Health Sciences | Health Studies | Social Justice and Community Engagement (MA) | Health Sciences,Kate Rossiter,https://www.wlu.ca/academics/faculties/faculty-of-human-and-social-sciences/faculty-profiles/kate-rossiter/index.html
Faculty of Human and Social Sciences,Applied Health Sciences,Nathan Vo,https://www.wlu.ca/academics/faculties/faculty-of-human-and-social-sciences/faculty-profiles/nathan-vo/index.html
Faculty of Human and Social Sciences | Faculty of Liberal Arts,Criminology | Human Rights,Robert Ame,https://www.wlu.ca/academics/faculties/faculty-of-liberal-arts/faculty-profiles/robert-ame/index.html
Faculty of Human and Social Sciences,Criminology,Dan Antonowicz,https://www.wlu.ca/academics/faculties/faculty-of-human-and-social-sciences/faculty-profiles/daniel-antonowicz/index.html
Faculty of Human and Social Sciences,Criminology,Tony Christensen,https://www.wlu.ca/academics/faculties/faculty-of-human-and-social-sciences/faculty-profiles/tony-christensen/index.html
Faculty of Human and Social Sciences,Criminology,Erin Dej,https://www.wlu.ca/academics/faculties/faculty-of-human-and-social-sciences/faculty-profiles/erin-dej/index.html
Faculty of Human and Social Sciences,Criminology,Ken Dowler,https://www.wlu.ca/academics/faculties/faculty-of-human-and-social-sciences/faculty-profiles/kenneth-dowler/index.html
Faculty of Human and Social Sciences,Criminology,Lauren Eisler,https://www.wlu.ca/academics/faculties/faculty-of-human-and-social-sciences/faculty-profiles/lauren-eisler/index.html
Faculty of Human and Social Sciences,Criminology,Thomas Fleming,https://www.wlu.ca/academics/faculties/faculty-of-human-and-social-sciences/faculty-profiles/thomas-fleming/index.html
Faculty of Human and Social Sciences,Criminology,Tarah Hodgkinson,https://www.wlu.ca/academics/faculties/faculty-of-human-and-social-sciences/faculty-profiles/tarah-hodgkinson/index.html
Faculty of Human and Social Sciences,Criminology,M. Raymond Izarali,https://www.wlu.ca/academics/faculties/faculty-of-human-and-social-sciences/faculty-profiles/m-raymond-izarali/index.html
Faculty of Human and Social Sciences,Criminology,Nikolai Kovalev,https://www.wlu.ca/academics/faculties/faculty-of-human-and-social-sciences/faculty-profiles/nikolai-kovalev/index.html
Faculty of Human and Social Sciences,Criminology,Debra Langan,https://www.wlu.ca/academics/faculties/faculty-of-human-and-social-sciences/faculty-profiles/debra-langan/index.html
Faculty of Human and Social Sciences,Criminology,Jennifer Lavoie,https://www.wlu.ca/academics/faculties/faculty-of-human-and-social-sciences/faculty-profiles/jennifer-lavoie/index.html
Faculty of Human and Social Sciences,Criminology,James Popham,https://www.wlu.ca/academics/faculties/faculty-of-human-and-social-sciences/faculty-profiles/james-popham/index.html
Faculty of Human and Social Sciences | Faculty of Liberal Arts,Criminology | Social Justice and Community Engagement (MA),Katrin Roots,https://www.wlu.ca/academics/faculties/faculty-of-human-and-social-sciences/faculty-profiles/katrin-roots/index.html
Faculty of Human and Social Sciences,Criminology,Carrie B. Sanders,https://www.wlu.ca/academics/faculties/faculty-of-human-and-social-sciences/faculty-profiles/carrie-b-sanders/index.html
Faculty of Human and Social Sciences,Criminology,Andrew Welsh,https://www.wlu.ca/academics/faculties/faculty-of-human-and-social-sciences/faculty-profiles/andrew-welsh/index.html
Faculty of Human and Social Sciences,Criminology,Kelsey Ioannoni,https://www.wlu.ca/academics/faculties/faculty-of-human-and-social-sciences/faculty-profiles/kelsey-ioannoni/index.html
Faculty of Human and Social Sciences,Game Design and Development,Sandra Danilovic,https://www.wlu.ca/academics/faculties/faculty-of-human-and-social-sciences/faculty-profiles/sandra-danilovic/index.html
Faculty of Human and Social Sciences,Game Design and Development,Scott Nicholson,https://www.wlu.ca/academics/faculties/faculty-of-human-and-social-sciences/faculty-profiles/scott-nicholson/index.html
Faculty of Human and Social Sciences,Game Design and Development,Charles Wells,https://www.wlu.ca/academics/faculties/faculty-of-human-and-social-sciences/faculty-profiles/charles-wells/index.html
Faculty of Human and Social Sciences,Game Design and Development,Steve Wilcox,https://www.wlu.ca/academics/faculties/faculty-of-human-and-social-sciences/faculty-profiles/steve-wilcox/index.html
Faculty of Human and Social Sciences,Leadership,Bruce Arai,https://www.wlu.ca/academics/faculties/faculty-of-human-and-social-sciences/faculty-profiles/bruce-arai/index.html
Faculty of Human and Social Sciences,Leadership,Lamine Diallo,https://www.wlu.ca/academics/faculties/faculty-of-human-and-social-sciences/faculty-profiles/lamine-diallo/index.html
Faculty of Human and Social Sciences,Leadership,Kris Gerhardt,https://www.wlu.ca/academics/faculties/faculty-of-human-and-social-sciences/faculty-profiles/kris-gerhardt/index.html
Faculty of Human and Social Sciences,Leadership,Lisa Kuron,https://www.wlu.ca/academics/faculties/faculty-of-human-and-social-sciences/faculty-profiles/lisa-kuron/index.html
Faculty of Human and Social Sciences,Leadership,Rosemary A. McGowan,https://www.wlu.ca/academics/faculties/faculty-of-human-and-social-sciences/faculty-profiles/rosemary-a-mcgowan/index.html
Faculty of Human and Social Sciences,Psychology (Brantford),Chris Alksnis,https://www.wlu.ca/academics/faculties/faculty-of-human-and-social-sciences/faculty-profiles/chris-alksnis/index.html
Faculty of Human and Social Sciences,Psychology (Brantford),Judy Eaton,https://www.wlu.ca/academics/faculties/faculty-of-human-and-social-sciences/faculty-profiles/judy-eaton/index.html
Faculty of Human and Social Sciences,Psychology (Brantford),Sybil Geldart,https://www.wlu.ca/academics/faculties/faculty-of-human-and-social-sciences/faculty-profiles/sybil-geldart/index.html
Faculty of Human and Social Sciences,Psychology (Brantford),Jennifer Lavoie,https://wlu.ca/faculty-profiles/hss/jennifer-lavoie.html
Faculty of Human and Social Sciences | Faculty of Liberal Arts,Psychology (Brantford) | Youth and Children's Studies,Danielle M. Law,https://www.wlu.ca/academics/faculties/faculty-of-liberal-arts/faculty-profiles/danielle-m-law/index.html
Faculty of Human and Social Sciences,Psychology (Brantford),Erin Strahan,https://www.wlu.ca/academics/faculties/faculty-of-human-and-social-sciences/faculty-profiles/erin-strahan/index.html
Faculty of Human and Social Sciences,Psychology (Brantford),Andrew Welsh,https://wlu.ca/faculty-profiles/hss/andrew-welsh.html
Faculty of Human and Social Sciences,Public Safety,Scott Blandford,https://www.wlu.ca/academics/faculties/faculty-of-human-and-social-sciences/faculty-profiles/scott-blandford/index.html
Faculty of Human and Social Sciences,Public Safety,Carolyn Greene,https://www.wlu.ca/academics/faculties/faculty-of-human-and-social-sciences/faculty-profiles/carolyn-greene/index.html
Faculty of Human and Social Sciences,Public Safety,Jennifer Magnus,https://www.wlu.ca/academics/faculties/faculty-of-human-and-social-sciences/faculty-profiles/jennifer-magnus/index.html
Faculty of Liberal Arts,English (Brantford),Kathryn Carter,https://www.wlu.ca/academics/faculties/faculty-of-liberal-arts/faculty-profiles/kathryn-carter/index.html
Faculty of Liberal Arts,English (Brantford),Ian MacRae,https://wlu.ca/academics/faculties/faculty-of-liberal-arts/faculty-profiles/ian-macrae/index.html
Faculty of Liberal Arts,English (Brantford),Kenneth Paradis,https://www.wlu.ca/academics/faculties/faculty-of-liberal-arts/faculty-profiles/ken-paradis/index.html
Faculty of Liberal Arts,History (Brantford) | Youth and Children's Studies,Tarah Brookfield,https://www.wlu.ca/academics/faculties/faculty-of-liberal-arts/faculty-profiles/tarah-brookfield/index.html
Faculty of Liberal Arts,History (Brantford),Christina Han,https://www.wlu.ca/academics/faculties/faculty-of-arts/faculty-profiles/christina-han/index.html
Faculty of Liberal Arts,History (Brantford) | Social and Environmental Justice | Social Justice and Community Engagement (MA),Rob Kristofferson,https://www.wlu.ca/academics/faculties/faculty-of-liberal-arts/faculty-profiles/rob-kristofferson/index.html
Faculty of Liberal Arts,History (Brantford),Geoff Spurr,https://www.wlu.ca/academics/faculties/faculty-of-liberal-arts/faculty-profiles/geoff-spurr/index.html
Faculty of Liberal Arts,Human Rights,Simon Kiss,https://www.wlu.ca/academics/faculties/faculty-of-liberal-arts/faculty-profiles/simon-kiss/index.html
Faculty of Liberal Arts,Human Rights,Oliver Masakure,https://www.wlu.ca/academics/faculties/lazaridis-school-of-business-and-economics/faculty-profiles/oliver-masakure/index.html
Faculty of Liberal Arts,Human Rights,Andrew Robinson,https://www.wlu.ca/academics/faculties/faculty-of-liberal-arts/faculty-profiles/andrew-m-robinson/index.html
Faculty of Liberal Arts,Human Rights,Stacey Wilson-Forsberg,https://www.wlu.ca/academics/faculties/faculty-of-liberal-arts/faculty-profiles/stacey-wilson-forsberg/index.html
Faculty of Liberal Arts,Indigenous Studies | Law and Society | Social and Environmental Justice,James Cairns,https://www.wlu.ca/academics/faculties/faculty-of-liberal-arts/faculty-profiles/james-cairns/index.html
Faculty of Liberal Arts,Indigenous Studies,Percy Lezard,https://www.wlu.ca/academics/faculties/faculty-of-liberal-arts/faculty-profiles/percy-lezard/index.html
Faculty of Liberal Arts | Faculty of Science,Indigenous Studies | Social Justice and Community Engagement (MA) | Geography and Environmental Studies,Brenda Murphy,https://www.wlu.ca/academics/faculties/faculty-of-liberal-arts/faculty-profiles/brenda-murphy/index.html
Faculty of Liberal Arts,Indigenous Studies | Social Justice and Community Engagement (MA),Darren Thomas,https://www.wlu.ca/academics/faculties/faculty-of-liberal-arts/faculty-profiles/darren-thomas/index.html
Faculty of Liberal Arts,Law and Society,Mark Davidson,https://www.wlu.ca/academics/faculties/faculty-of-liberal-arts/faculty-profiles/mark-davidson/index.html
Faculty of Liberal Arts,Law and Society | Social Justice and Community Engagement (MA),Todd Gordon,https://www.wlu.ca/academics/faculties/faculty-of-liberal-arts/faculty-profiles/todd-gordon/index.html
Faculty of Liberal Arts,Law and Society,Kelly Gallagher-Mackay,https://www.wlu.ca/academics/faculties/faculty-of-liberal-arts/faculty-profiles/kelly-gallagher-mackay/index.html?ref=faculty-profiles%2Fliberal-arts%2Fkelly-gallagher-mackay.html
Faculty of Liberal Arts,Social and Environmental Justice,Stephen Haller,https://www.wlu.ca/academics/faculties/faculty-of-liberal-arts/faculty-profiles/stephen-haller/index.html
Faculty of Liberal Arts,Social and Environmental Justice,Jonathan Lavery,https://www.wlu.ca/academics/faculties/faculty-of-liberal-arts/faculty-profiles/jonathan-lavery/index.html
Faculty of Liberal Arts,Social and Environmental Justice | Social Justice and Community Engagement (MA),Ellen Russell,https://www.wlu.ca/academics/faculties/faculty-of-liberal-arts/faculty-profiles/ellen-d-russell/index.html
Faculty of Liberal Arts | Faculty of Social Work,Social Justice and Community Engagement (MA) | 2SLGBTQ+ Social Exclusion,Bree Akesson,https://www.wlu.ca/academics/faculties/faculty-of-social-work/faculty-profiles/bree-akesson/index.html
Faculty of Liberal Arts,Social Justice and Community Engagement (MA),Kelly Gallagher-Mackay,https://www.wlu.ca/academics/faculties/faculty-of-liberal-arts/faculty-profiles/kelly-gallagher-mackay/index.html
Faculty of Liberal Arts,Social Justice and Community Engagement (MA) | User Experience Design,Maurita Harris,https://www.wlu.ca/academics/faculties/faculty-of-liberal-arts/faculty-profiles/maurita-harris/index.html
Faculty of Liberal Arts | Faculty of Social Work,Social Justice and Community Engagement (MA) | 2SLGBTQ+ Social Exclusion,Cameron McKenzie,https://www.wlu.ca/academics/faculties/faculty-of-social-work/faculty-profiles/cameron-mckenzie/index.html
Faculty of Liberal Arts | Faculty of Social Work,Social Justice and Community Engagement (MA) | 2SLGBTQ+ Social Exclusion,Anh Ngo,https://www.wlu.ca/academics/faculties/faculty-of-social-work/faculty-profiles/anh-ngo/index.html
Faculty of Liberal Arts,Social Justice and Community Engagement (MA) | Youth and Children's Studies,Vanessa Oliver,https://www.wlu.ca/academics/faculties/faculty-of-liberal-arts/faculty-profiles/vanessa-oliver/index.html
Faculty of Liberal Arts | Faculty of Social Work,Social Justice and Community Engagement (MA) | 2SLGBTQ+ Social Exclusion,Jennifer Root,https://www.wlu.ca/academics/faculties/faculty-of-social-work/faculty-profiles/jennifer-root/index.html
Faculty of Liberal Arts,User Experience Design,Bruce Gillespie,https://www.wlu.ca/academics/faculties/faculty-of-liberal-arts/faculty-profiles/bruce-gillespie/index.html
Faculty of Liberal Arts,User Experience Design,Sajjad Khan,https://www.wlu.ca/academics/faculties/faculty-of-liberal-arts/faculty-profiles/sajjad-khan/index.html
Faculty of Liberal Arts,User Experience Design,John Muñoz,https://www.wlu.ca/academics/faculties/faculty-of-liberal-arts/faculty-profiles/john-edison-munoz-cardona/index.html
Faculty of Liberal Arts,User Experience Design,Sadeem Qureshi,https://www.wlu.ca/academics/faculties/faculty-of-liberal-arts/faculty-profiles/sadeem-qureshi/index.html
Faculty of Liberal Arts,Youth and Children's Studies,Christine Corso,https://www.wlu.ca/academics/faculties/faculty-of-liberal-arts/faculty-profiles/christine-corso/index.html
Faculty of Liberal Arts,Youth and Children's Studies,Christine Lei,https://www.wlu.ca/academics/faculties/faculty-of-liberal-arts/faculty-profiles/christine-lei/index.html
Faculty of Science,Dean of Science Office | Biology | Health Sciences | Water Science and Environmental Health,Stephanie DeWitte-Orr,https://www.wlu.ca/academics/faculties/faculty-of-science/faculty-profiles/stephanie-dewitte-orr/index.html
Faculty of Science,Dean of Science Office | Chemistry and Biochemistry,Louise Dawe,https://www.wlu.ca/academics/faculties/faculty-of-science/faculty-profiles/louise-n-dawe/index.html
Faculty of Science,Dean of Science Office | Chemistry and Biochemistry,Michael Suits,https://www.wlu.ca/academics/faculties/faculty-of-science/faculty-profiles/michael-suits/index.html
Faculty of Science,Biology | Environmental Science | Geography and Environmental Studies | Water Science and Environmental Health,Jennifer Baltzer,https://www.wlu.ca/academics/faculties/faculty-of-science/faculty-profiles/jennifer-baltzer/index.html
Faculty of Science,Biology,Christian Danve M. Castroverde,https://www.wlu.ca/academics/faculties/faculty-of-science/faculty-profiles/christian-danve-m-castroverde/index.html
Faculty of Science,Biology | Water Science and Environmental Health,Mihai Costea,https://www.wlu.ca/academics/faculties/faculty-of-science/faculty-profiles/mihai-costea/index.html
Faculty of Science,Biology | Water Science and Environmental Health,Joseph Culp,https://www.wlu.ca/academics/faculties/faculty-of-arts/faculty-profiles/joseph-culp/index.html
Faculty of Science,Biology | Water Science and Environmental Health,Douglas Deutschman,https://www.wlu.ca/academics/faculties/faculty-of-science/faculty-profiles/douglas-deutschman/index.html
Faculty of Science,Biology | Water Science and Environmental Health,Derek Gray,https://www.wlu.ca/academics/faculties/faculty-of-science/faculty-profiles/derek-gray/index.html
Faculty of Science,Biology,Erin Leonard,https://www.wlu.ca/academics/faculties/faculty-of-science/faculty-profiles/erin-leonard/index.html
Faculty of Science,Biology | Environmental Science | Water Science and Environmental Health,Tristan A.F. Long,https://www.wlu.ca/academics/faculties/faculty-of-science/faculty-profiles/tristan-a-f-long/index.html
Faculty of Science,Biology | Environmental Science | Water Science and Environmental Health,Deborah MacLatchy,https://www.wlu.ca/academics/faculties/faculty-of-science/faculty-profiles/deborah-maclatchy/index.html
Faculty of Science,Biology,Allison McDonald,https://www.wlu.ca/academics/faculties/faculty-of-science/faculty-profiles/allison-mcdonald/index.html
Faculty of Science,Biology | Environmental Science | Water Science and Environmental Health,Jim McGeer,https://www.wlu.ca/academics/faculties/faculty-of-science/faculty-profiles/j-mcgeer/index.html
Faculty of Science,Biology | Environmental Science | Water Science and Environmental Health,Gabriel Moreno-Hagelsieb,https://www.wlu.ca/academics/faculties/faculty-of-science/faculty-profiles/gabriel-moreno-hagelsieb/index.html
Faculty of Science,Biology,Jonathan Newman,https://www.wlu.ca/academics/faculties/faculty-of-science/faculty-profiles/jonathan-newman/index.html
Faculty of Science,Biology | Environmental Science | Water Science and Environmental Health,Scott M. Ramsay,https://www.wlu.ca/academics/faculties/faculty-of-science/faculty-profiles/scott-m-ramsay/index.html
Faculty of Science,Biology,Robin Slawson,https://www.wlu.ca/academics/faculties/faculty-of-science/faculty-profiles/robin-slawson/index.html
Faculty of Science,Biology | Environmental Science | Water Science and Environmental Health,Matthew Smith,https://www.wlu.ca/academics/faculties/faculty-of-science/faculty-profiles/matthew-smith/index.html
Faculty of Science,Biology | Environmental Science,Kevin Stevens,https://www.wlu.ca/academics/faculties/faculty-of-science/faculty-profiles/kevin-stevens/index.html
Faculty of Science,Biology,Frances Stewart,https://www.wlu.ca/academics/faculties/faculty-of-science/faculty-profiles/frances-stewart/index.html
Faculty of Science,Biology,Heidi Swanson,https://www.wlu.ca/academics/faculties/faculty-of-science/faculty-profiles/heidi-swanson/index.html
Faculty of Science,Biology,Joel Weadge,https://www.wlu.ca/academics/faculties/faculty-of-science/faculty-profiles/joel-weadge/index.html
Faculty of Science,Biology | Water Science and Environmental Health,Michael P. Wilkie,https://www.wlu.ca/academics/faculties/faculty-of-science/faculty-profiles/michael-wilkie/index.html
Faculty of Science,Biology | Water Science and Environmental Health,Jonathan Mark Wilson,https://www.wlu.ca/academics/faculties/faculty-of-science/faculty-profiles/jonathan-mark-wilson/index.html
Faculty of Science,Biology,Zhongwei Zou,https://www.wlu.ca/academics/faculties/faculty-of-science/faculty-profiles/zhongwei-zou/index.html
Faculty of Science,Biology,Philip Marsh,https://wlu.ca/academics/faculties/faculty-of-arts/faculty-profiles/philip-marsh/index.html
Faculty of Science,Biology,Noam Miller,https://wlu.ca/academics/faculties/faculty-of-science/faculty-profiles/noam-miller/index.html
Faculty of Science,Biology,Richelle Monaghan,https://wlu.ca/academics/faculties/faculty-of-human-and-social-sciences/faculty-profiles/richelle-monaghan/index.html
Faculty of Science,Biology,David White,https://wlu.ca/academics/faculties/faculty-of-science/faculty-profiles/david-j-white/index.html
Faculty of Science,Chemistry and Biochemistry,Anthony J. Clarke,https://www.wlu.ca/academics/faculties/faculty-of-science/faculty-profiles/anthony-clarke/index.html
Faculty of Science,Chemistry and Biochemistry,Lillian DeBruin,https://www.wlu.ca/academics/faculties/faculty-of-science/faculty-profiles/lillian-debruin/index.html
Faculty of Science,Chemistry and Biochemistry,Holly Fruehwald,https://www.wlu.ca/academics/faculties/faculty-of-science/faculty-profiles/holly-fruehwald/index.html
Faculty of Science,Chemistry and Biochemistry,Dmitri Goussev (Gusev),https://www.wlu.ca/academics/faculties/faculty-of-science/faculty-profiles/dmitri-goussev/index.html
Faculty of Science,Chemistry and Biochemistry,Geoff Horsman,https://www.wlu.ca/academics/faculties/faculty-of-science/faculty-profiles/geoff-horsman/index.html
Faculty of Science,Chemistry and Biochemistry | Environmental Science | Water Science and Environmental Health,Vladimir Kitaev,https://www.wlu.ca/academics/faculties/faculty-of-science/faculty-profiles/vladimir-kitaev/index.html
Faculty of Science,Chemistry and Biochemistry,Stephen MacNeil,https://www.wlu.ca/academics/faculties/faculty-of-science/faculty-profiles/steve-macneil/index.html
Faculty of Science,Chemistry and Biochemistry,Steven Maley,https://www.wlu.ca/academics/faculties/faculty-of-science/faculty-profiles/steven-maley/index.html
Faculty of Science,Chemistry and Biochemistry,Ken Maly,https://www.wlu.ca/academics/faculties/faculty-of-science/faculty-profiles/kenneth-maly/index.html
Faculty of Science,Chemistry and Biochemistry | Environmental Science | Water Science and Environmental Health,Scott Smith,https://www.wlu.ca/academics/faculties/faculty-of-science/faculty-profiles/scott-smith/index.html
Faculty of Science,Chemistry and Biochemistry,Dirk Wallschläger,https://www.wlu.ca/academics/faculties/faculty-of-science/faculty-profiles/dirk-wallschlager/index.html
Faculty of Science,Chemistry and Biochemistry,Vladimir Bamm,https://www.wlu.ca/academics/faculties/faculty-of-science/faculty-profiles/vladimir-bamm/index.html
Faculty of Science,Computer Science and Physics,Abdul-Rahman Mawlood-Yunis,https://www.wlu.ca/academics/faculties/faculty-of-science/faculty-profiles/abdul-rahman-mawlood-yunis/index.html
Faculty of Science,Computer Science and Physics,Alexei Kaltchenko,https://www.wlu.ca/academics/faculties/faculty-of-science/faculty-profiles/alexei-kaltchenko/index.html
Faculty of Science,Computer Science and Physics | Mathematics,Angèle Foley,https://www.wlu.ca/academics/faculties/faculty-of-science/faculty-profiles/angele-foley/index.html
Faculty of Science,Computer Science and Physics,Asif Khan,https://www.wlu.ca/academics/faculties/faculty-of-science/faculty-profiles/md-asif-khan/index.html
Faculty of Science,Computer Science and Physics,Azam Asilian Bidgoli,https://www.wlu.ca/academics/faculties/faculty-of-science/faculty-profiles/azam-asilian-bidgoli/index.html
Faculty of Science,Computer Science and Physics,Bernard Chiu,https://www.wlu.ca/academics/faculties/faculty-of-science/faculty-profiles/bernard-chiu/index.html
Faculty of Science,Computer Science and Physics,Chính Hoàng,https://www.wlu.ca/academics/faculties/faculty-of-science/faculty-profiles/chinh-t-hoang/index.html
Faculty of Science,Computer Science and Physics,Dariush Ebrahimi,https://www.wlu.ca/academics/faculties/faculty-of-science/faculty-profiles/dariush-ebrahimi/index.html
Faculty of Science,Computer Science and Physics,Emad Mohammed,https://www.wlu.ca/academics/faculties/faculty-of-science/faculty-profiles/emad-mohammed/index.html
Faculty of Science,Computer Science and Physics,Evgueni (Eugene) Zima,https://www.wlu.ca/academics/faculties/faculty-of-science/faculty-profiles/eugene-zima/index.html
Faculty of Science,Computer Science and Physics,Haytham Qushtom,https://www.wlu.ca/academics/faculties/faculty-of-science/faculty-profiles/haytham-qushtom/index.html
Faculty of Science,Computer Science and Physics,Hongbing Fan,https://www.wlu.ca/academics/faculties/faculty-of-science/faculty-profiles/hongbing-fan/index.html
Faculty of Science,Computer Science and Physics,Ilias Kotsireas,https://www.wlu.ca/academics/faculties/faculty-of-science/faculty-profiles/ilias-s-kotsireas/index.html
Faculty of Science,Computer Science and Physics,Jiashu (Jessie) Zhao,https://www.wlu.ca/academics/faculties/faculty-of-science/faculty-profiles/jiashu-zhao/index.html
Faculty of Science,Computer Science and Physics,Kaiyu Li,https://www.wlu.ca/academics/faculties/faculty-of-science/faculty-profiles/kaiyu-li/index.html
Faculty of Science,Computer Science and Physics,Lei Gao,https://www.wlu.ca/academics/faculties/faculty-of-science/faculty-profiles/lei-gao/index.html
Faculty of Science,Computer Science and Physics,Li Wei,https://www.wlu.ca/academics/faculties/faculty-of-science/faculty-profiles/li-wei/index.html
Faculty of Science,Computer Science and Physics,Lilatul Ferdouse,https://www.wlu.ca/academics/faculties/faculty-of-science/faculty-profiles/lilatul-ferdouse/index.html
Faculty of Science,Computer Science and Physics,Maher Ahmed,https://www.wlu.ca/academics/faculties/faculty-of-science/faculty-profiles/maher-ahmed/index.html
Faculty of Science,Computer Science and Physics,Marek Wartak,https://www.wlu.ca/academics/faculties/faculty-of-science/faculty-profiles/marek-s-wartak/index.html
Faculty of Science,Computer Science and Physics,Mustafa Daraghmeh,https://www.wlu.ca/academics/faculties/faculty-of-science/faculty-profiles/mustafa-daraghmeh/index.html
Faculty of Science,Computer Science and Physics,Saiqa Aleem,https://www.wlu.ca/academics/faculties/faculty-of-science/faculty-profiles/saiqa-aleem/index.html
Faculty of Science,Computer Science and Physics,Samuel Okegbile,https://www.wlu.ca/academics/faculties/faculty-of-science/faculty-profiles/samuel-okegbile/index.html
Faculty of Science,Computer Science and Physics,Shimaa Abdelmeguid,https://www.wlu.ca/academics/faculties/faculty-of-science/faculty-profiles/shimaa-abdelmeguid/index.html
Faculty of Science,Computer Science and Physics,Shohini Ghose,https://www.wlu.ca/academics/faculties/faculty-of-science/faculty-profiles/shohini-ghose/index.html
Faculty of Science,Computer Science and Physics,Somayeh Fatahi,https://www.wlu.ca/academics/faculties/faculty-of-science/faculty-profiles/somayeh-fatahi/index.html
Faculty of Science,Computer Science and Physics,Sukhjit Singh Sehra,https://www.wlu.ca/academics/faculties/faculty-of-science/faculty-profiles/sukhjit-sehra/index.html
Faculty of Science,Computer Science and Physics,Usama Mir,https://www.wlu.ca/academics/faculties/faculty-of-science/faculty-profiles/usama-mir/index.html
Faculty of Science,Computer Science and Physics,Yang Liu,https://www.wlu.ca/academics/faculties/faculty-of-science/faculty-profiles/yang-liu/index.html
Faculty of Science,Computer Science and Physics,Zia Ud Din,https://www.wlu.ca/academics/faculties/faculty-of-science/faculty-profiles/zia-ud-din/index.html?ref=faculty%2Fzia-ud-din
Faculty of Science,Environmental Science | Geography and Environmental Studies | Water Science and Environmental Health,Mary-Louise Byrne,https://www.wlu.ca/academics/faculties/faculty-of-science/faculty-profiles/mary-louise-byrne/index.html
Faculty of Science,Environmental Science,Mihai Costea,https://www.wlu.ca/faculty-profiles/science/mihai-costea.html
Faculty of Science,Environmental Science,Stephanie DeWitte-Orr,https://www.wlu.ca/faculty-profiles/science/stephanie-dewitte-orr.html
Faculty of Science,Environmental Science | Geography and Environmental Studies | Water Science and Environmental Health,Phil Marsh,https://www.wlu.ca/academics/faculties/faculty-of-science/faculty-profiles/philip-marsh/index.html
Faculty of Science,Environmental Science | Geography and Environmental Studies | Water Science and Environmental Health,William L. Quinton,https://www.wlu.ca/academics/faculties/faculty-of-science/faculty-profiles/william-quinton/index.html
Faculty of Science,Environmental Science | Geography and Environmental Studies | Water Science and Environmental Health,Jason Venkiteswaran,https://www.wlu.ca/academics/faculties/faculty-of-science/faculty-profiles/jason-venkiteswaran/index.html
Faculty of Science,Environmental Science | Geography and Environmental Studies | Water Science and Environmental Health,Brent Wolfe,https://www.wlu.ca/academics/faculties/faculty-of-science/faculty-profiles/brent-wolfe/index.html
Faculty of Science,Geography and Environmental Studies,Michael Bitton,https://www.wlu.ca/academics/faculties/faculty-of-science/faculty-profiles/michael-bitton/index.html
Faculty of Science,Geography and Environmental Studies,Sean Doherty,https://www.wlu.ca/academics/faculties/faculty-of-science/faculty-profiles/sean-doherty/index.html
Faculty of Science,Geography and Environmental Studies,Jason Goetz,https://www.wlu.ca/academics/faculties/faculty-of-science/faculty-profiles/jason-goetz/index.html
Faculty of Science,Geography and Environmental Studies,Adrienne Johnson,https://www.wlu.ca/academics/faculties/faculty-of-science/faculty-profiles/adrienne-johnson/index.html
Faculty of Science,Geography and Environmental Studies,Lauren Judge,https://www.wlu.ca/academics/faculties/faculty-of-science/faculty-profiles/lauren-judge/index.html
Faculty of Science,Geography and Environmental Studies,Homa Kheyrollah Pour,https://www.wlu.ca/academics/faculties/faculty-of-science/faculty-profiles/homa-kheyrollah-pour/index.html
Faculty of Science,Geography and Environmental Studies,Christopher Lemieux,https://www.wlu.ca/academics/faculties/faculty-of-science/faculty-profiles/christopher-lemieux/index.html
Faculty of Science,Geography and Environmental Studies,Sheri Longboat,https://www.wlu.ca/academics/faculties/faculty-of-science/faculty-profiles/sheri-longboat/index.html
Faculty of Science,Geography and Environmental Studies,Robert McLeman,https://www.wlu.ca/academics/faculties/faculty-of-science/faculty-profiles/robert-mcleman/index.html
Faculty of Science,Geography and Environmental Studies,Steven Roberts,https://www.wlu.ca/academics/faculties/faculty-of-science/faculty-profiles/steven-a-roberts/index.html
Faculty of Science,Geography and Environmental Studies,Miguel Sioui,https://www.wlu.ca/academics/faculties/faculty-of-science/faculty-profiles/miguel-sioui/index.html
Faculty of Science,Geography and Environmental Studies,Terah Sportel,https://www.wlu.ca/academics/faculties/faculty-of-science/faculty-profiles/terah-sportel/index.html
Faculty of Science,Geography and Environmental Studies,Andrew Spring,https://www.wlu.ca/academics/faculties/faculty-of-science/faculty-profiles/andrew-spring/index.html
Faculty of Science,Geography and Environmental Studies,Laine Young,https://www.wlu.ca/academics/faculties/faculty-of-science/faculty-profiles/laine-young/index.html
Faculty of Science,Health Sciences,Anish Arora,https://www.wlu.ca/academics/faculties/faculty-of-science/faculty-profiles/anish-arora/index.html
Faculty of Science,Health Sciences,Todd Coleman,https://www.wlu.ca/academics/faculties/faculty-of-science/faculty-profiles/todd-coleman/index.html
Faculty of Science,Health Sciences,Cristina Gheorghiu,https://www.wlu.ca/academics/faculties/faculty-of-science/faculty-profiles/cristina-gheorghiu/index.html
Faculty of Science,Health Sciences,Steven Lam,https://www.wlu.ca/academics/faculties/faculty-of-science/faculty-profiles/steven-lam/index.html
Faculty of Science,Health Sciences,Chad Lebold,https://www.wlu.ca/academics/faculties/faculty-of-science/faculty-profiles/chad-lebold/index.html
Faculty of Science,Health Sciences,Melody Morton Ninomiya,https://www.wlu.ca/academics/faculties/faculty-of-science/faculty-profiles/melody-morton-ninomiya/index.html
Faculty of Science,Health Sciences,Nirosha Murugan,https://www.wlu.ca/academics/faculties/faculty-of-science/faculty-profiles/nirosha-murugan/index.html
Faculty of Science,Health Sciences,Sarah Poynter,https://www.wlu.ca/academics/faculties/faculty-of-science/faculty-profiles/sarah-poynter/index.html
Faculty of Science,Health Sciences,Nicolas Rouleau,https://www.wlu.ca/academics/faculties/faculty-of-science/faculty-profiles/nicolas-rouleau/index.html
Faculty of Science,Health Sciences | Psychology,Ketan Shankardass,https://www.wlu.ca/academics/faculties/faculty-of-science/faculty-profiles/ketan-shankardass/index.html
Faculty of Science,Health Sciences,Robb Travers,https://www.wlu.ca/academics/faculties/faculty-of-science/faculty-profiles/robb-travers/index.html
Faculty of Science,Health Sciences,Stewart Russell,https://www.wlu.ca/academics/faculties/faculty-of-science/faculty-profiles/stewart-russell/index.html
Faculty of Science,Health Sciences,Diane Gregory,https://www.wlu.ca/academics/faculties.../faculty-of-science/faculty-profiles/diane-gregory/index.html
Faculty of Science,Health Sciences,Renee S. MacPhee,https://www.wlu.ca/academics/faculties.../faculty-of-science/faculty-profiles/renee-s-macphee/index.html
Faculty of Science,Kinesiology and Physical Education,Stephanie Beni,https://www.wlu.ca/academics/faculties/faculty-of-science/faculty-profiles/stephanie-beni/index.html
Faculty of Science,Kinesiology and Physical Education,Pam Bryden,https://www.wlu.ca/academics/faculties/faculty-of-science/faculty-profiles/pam-bryden/index.html
Faculty of Science,Kinesiology and Physical Education,Katie Burns,https://www.wlu.ca/academics/faculties/faculty-of-science/faculty-profiles/katie-burns/index.html
Faculty of Science,Kinesiology and Physical Education,Michael Cinelli,https://www.wlu.ca/academics/faculties/faculty-of-science/faculty-profiles/michael-e-cinelli/index.html
Faculty of Science,Kinesiology and Physical Education,Kimberley Dawson,https://www.wlu.ca/academics/faculties/faculty-of-science/faculty-profiles/kimberley-a-dawson/index.html
Faculty of Science,Kinesiology and Physical Education,Tim Elcombe,https://www.wlu.ca/academics/faculties/faculty-of-science/faculty-profiles/tim-elcombe/index.html
Faculty of Science,Kinesiology and Physical Education | Psychology,Mark Eys,https://www.wlu.ca/academics/faculties/faculty-of-science/faculty-profiles/mark-eys/index.html
Faculty of Science,Kinesiology and Physical Education,Paula Fletcher,https://www.wlu.ca/academics/faculties/faculty-of-science/faculty-profiles/paula-c-fletcher/index.html
Faculty of Science,Kinesiology and Physical Education,Diane Gregory,https://www.wlu.ca/academics/faculties/faculty-of-science/faculty-profiles/diane-gregory/index.html
Faculty of Science,Kinesiology and Physical Education,Alanna Harman,https://www.wlu.ca/academics/faculties/faculty-of-science/faculty-profiles/alanna-harman/index.html
Faculty of Science,Kinesiology and Physical Education,Tom J. Hazell,https://www.wlu.ca/academics/faculties/faculty-of-science/faculty-profiles/tom-hazell/index.html
Faculty of Science,Kinesiology and Physical Education,Jayne Kalmar,https://www.wlu.ca/academics/faculties/faculty-of-science/faculty-profiles/jayne-kalmar/index.html
Faculty of Science,Kinesiology and Physical Education,Renée S. MacPhee,https://www.wlu.ca/academics/faculties/faculty-of-science/faculty-profiles/renee-s-macphee/index.html
Faculty of Science,Kinesiology and Physical Education,Phil Medeiros,https://www.wlu.ca/academics/faculties/faculty-of-science/faculty-profiles/phil-medeiros/index.html
Faculty of Science,Kinesiology and Physical Education,Stephen Perry,https://www.wlu.ca/academics/faculties/faculty-of-science/faculty-profiles/stephen-perry/index.html
Faculty of Science,Kinesiology and Physical Education,Jennifer Robertson-Wilson,https://www.wlu.ca/academics/faculties/faculty-of-science/faculty-profiles/jennifer-robertson-wilson/index.html
Faculty of Science,Kinesiology and Physical Education,Margaret Schneider,https://www.wlu.ca/academics/faculties/faculty-of-science/faculty-profiles/margaret-a-schneider/index.html
Faculty of Science,Kinesiology and Physical Education,Jill Tracey,https://www.wlu.ca/academics/faculties/faculty-of-science/faculty-profiles/jill-tracey/index.html
Faculty of Science,Kinesiology and Physical Education,Stephen Wenn,https://www.wlu.ca/academics/faculties/faculty-of-science/faculty-profiles/stephen-wenn/index.html
Faculty of Science,Kinesiology and Physical Education,Jennifer Williams,https://www.wlu.ca/academics/faculties/faculty-of-science/faculty-profiles/jennifer-williams/index.html
Faculty of Science,Mathematics,Anne-Marie Allison,https://www.wlu.ca/academics/faculties/faculty-of-science/faculty-profiles/anne-marie-allison/index.html
Faculty of Science,Mathematics,Devan Becker,https://www.wlu.ca/academics/faculties/faculty-of-science/faculty-profiles/devan-becker/index.html
Faculty of Science,Mathematics,Kathie Cameron,https://www.wlu.ca/academics/faculties/faculty-of-science/faculty-profiles/kathie-cameron/index.html
Faculty of Science,Mathematics,Giuseppe (Joe) Campolieti,https://www.wlu.ca/academics/faculties/faculty-of-science/faculty-profiles/giuseppe-joe-campolieti/index.html
Faculty of Science,Mathematics,Yuming Chen,https://www.wlu.ca/academics/faculties/faculty-of-science/faculty-profiles/yuming-chen/index.html
Faculty of Science,Mathematics,Lawrence Howe,https://www.wlu.ca/academics/faculties/faculty-of-science/faculty-profiles/lawrence-howe/index.html
Faculty of Science,Mathematics,Shengda Hu,https://www.wlu.ca/academics/faculties/faculty-of-science/faculty-profiles/shengda-hu/index.html
Faculty of Science,Mathematics,D. Marc Kilgour,https://www.wlu.ca/academics/faculties/faculty-of-science/faculty-profiles/d-marc-kilgour/index.html
Faculty of Science,Mathematics,Y. George Lai,https://www.wlu.ca/academics/faculties/faculty-of-science/faculty-profiles/yongzeng-lai/index.html
Faculty of Science,Mathematics,Roman Makarov,https://www.wlu.ca/academics/faculties/faculty-of-science/faculty-profiles/roman-makarov/index.html
Faculty of Science,Mathematics,Connell McCluskey,https://www.wlu.ca/academics/faculties/faculty-of-science/faculty-profiles/connell-mccluskey/index.html
Faculty of Science,Mathematics,Roderick Melnik,https://www.wlu.ca/academics/faculties/faculty-of-science/faculty-profiles/roderick-melnik/index.html
Faculty of Science,Mathematics,Adam Metzler,https://www.wlu.ca/academics/faculties/faculty-of-science/faculty-profiles/adam-metzler/index.html
Faculty of Science,Mathematics,R. Mark Reesor,https://www.wlu.ca/academics/faculties/faculty-of-science/faculty-profiles/mark-reesor/index.html
Faculty of Science,Mathematics,Robert Rundle,https://www.wlu.ca/academics/faculties/faculty-of-science/faculty-profiles/robert-rundle/index.html
Faculty of Science,Mathematics,Manuele Santoprete,https://www.wlu.ca/academics/faculties/faculty-of-science/faculty-profiles/manuele-santoprete/index.html
Faculty of Science,Mathematics,David Soave,https://www.wlu.ca/academics/faculties/faculty-of-science/faculty-profiles/david-soave/index.html
Faculty of Science,Mathematics,Cristina Stoica,https://www.wlu.ca/academics/faculties/faculty-of-science/faculty-profiles/cristina-stoica/index.html
Faculty of Science,Mathematics,Xu (Sunny) Wang,https://www.wlu.ca/academics/faculties/faculty-of-science/faculty-profiles/xu-sunny-wang/index.html
Faculty of Science,Mathematics,Zilin Wang,https://www.wlu.ca/academics/faculties/faculty-of-science/faculty-profiles/zilin-wang/index.html
Faculty of Science,Mathematics,Chester Weatherby,https://www.wlu.ca/academics/faculties/faculty-of-science/faculty-profiles/chester-weatherby/index.html
Faculty of Science,Mathematics,Fei Xu,https://www.wlu.ca/academics/faculties/faculty-of-science/faculty-profiles/fei-xu/index.html
Faculty of Science,Mathematics,Ping Zhang,https://www.wlu.ca/academics/faculties/faculty-of-science/faculty-profiles/ping-zhang/index.html
Faculty of Science,Mathematics,Kaiming Zhao,https://www.wlu.ca/academics/faculties/faculty-of-science/faculty-profiles/kaiming-zhao/index.html
Faculty of Science,Psychology,Nathan Insel,https://www.wlu.ca/academics/faculties/faculty-of-science/faculty-profiles/nathan-insel/index.html
Faculty of Science,Psychology,Paul Mallet,https://www.wlu.ca/academics/faculties/faculty-of-science/faculty-profiles/paul-mallet/index.html
Faculty of Science,Psychology,Diano Marrone,https://www.wlu.ca/academics/faculties/faculty-of-science/faculty-profiles/diano-marrone/index.html
Faculty of Science,Psychology,Noam Miller,https://www.wlu.ca/academics/faculties/faculty-of-science/faculty-profiles/noam-miller/index.html
Faculty of Science,Psychology,David White,https://www.wlu.ca/academics/faculties/faculty-of-science/faculty-profiles/david-j-white/index.html
Faculty of Science,Psychology,Todd Ferretti,https://www.wlu.ca/academics/faculties/faculty-of-science/faculty-profiles/todd-ferretti/index.html
Faculty of Science,Psychology,Ali Hashemi,https://www.wlu.ca/academics/faculties/faculty-of-science/faculty-profiles/ali-hashemi/index.html
Faculty of Science,Psychology,Jeffery A. Jones,https://www.wlu.ca/academics/faculties/faculty-of-science/faculty-profiles/jeffery-a-jones/index.html
Faculty of Science,Psychology,Elizabeth Olds,https://www.wlu.ca/academics/faculties/faculty-of-science/faculty-profiles/elizabeth-olds/index.html
Faculty of Science,Psychology,Nichole Scheerer,https://www.wlu.ca/academics/faculties/faculty-of-science/faculty-profiles/nichole-scheerer/index.html
Faculty of Science,Psychology,Philip Servos,https://www.wlu.ca/academics/faculties/faculty-of-science/faculty-profiles/philip-servos/index.html
Faculty of Science,Psychology,Ann Marie Beals,https://www.wlu.ca/academics/faculties/faculty-of-science/faculty-profiles/ann-marie-beals/index.html
Faculty of Science,Psychology,Alexis Buettgen,https://www.wlu.ca/academics/faculties/faculty-of-science/faculty-profiles/alexis-buettgen/index.html
Faculty of Science,Psychology,Maritt Kirst,https://www.wlu.ca/academics/faculties/faculty-of-science/faculty-profiles/maritt-kirst/index.html
Faculty of Science,Psychology,Natalie Kivell,https://www.wlu.ca/academics/faculties/faculty-of-science/faculty-profiles/natalie-kivell/index.html
Faculty of Science,Psychology,Colleen Loomis,https://www.wlu.ca/academics/faculties/faculty-of-science/faculty-profiles/colleen-loomis/index.html
Faculty of Science,Psychology,Manuel Riemer,https://www.wlu.ca/academics/faculties/faculty-of-science/faculty-profiles/manuel-riemer/index.html
Faculty of Science,Psychology,Ciann Wilson,https://www.wlu.ca/academics/faculties/faculty-of-science/faculty-profiles/ciann-l-wilson/index.html
Faculty of Science,Psychology,Alexandra Gottardo,https://www.wlu.ca/academics/faculties/faculty-of-science/faculty-profiles/alexandra-gottardo/index.html
Faculty of Science,Psychology,Tobias Krettenauer,https://www.wlu.ca/academics/faculties/faculty-of-science/faculty-profiles/tobias-krettenauer/index.html
Faculty of Science,Psychology,Joanne Lee,https://www.wlu.ca/academics/faculties/faculty-of-science/faculty-profiles/joanne-lee/index.html
Faculty of Science,Psychology,Kim P. Roberts,https://www.wlu.ca/academics/faculties/faculty-of-science/faculty-profiles/kim-p-roberts/index.html
Faculty of Science,Psychology,Marc Jambon,https://www.wlu.ca/academics/faculties/faculty-of-science/faculty-profiles/marc-jambon/index.html
Faculty of Science,Psychology,Meaghan Barlow,https://www.wlu.ca/academics/faculties/faculty-of-science/faculty-profiles/meaghan-barlow/index.html
Faculty of Science,Psychology,Eileen Wood,https://www.wlu.ca/academics/faculties/faculty-of-science/faculty-profiles/eileen-wood/index.html
Faculty of Science,Psychology,Roger Buehler,https://www.wlu.ca/academics/faculties/faculty-of-science/faculty-profiles/roger-buehler/index.html
Faculty of Science,Psychology,Justin Cavallo,https://www.wlu.ca/academics/faculties/faculty-of-science/faculty-profiles/justin-cavallo/index.html
Faculty of Science,Psychology,Mindi Foster,https://www.wlu.ca/academics/faculties/faculty-of-science/faculty-profiles/mindi-foster/index.html
Faculty of Science,Psychology,Christian Jordan,https://www.wlu.ca/academics/faculties/faculty-of-science/faculty-profiles/christian-jordan/index.html
Faculty of Science,Psychology,Frank Kachanoff,https://www.wlu.ca/academics/faculties/faculty-of-science/faculty-profiles/frank-kachanoff/index.html
Faculty of Science,Psychology,Nancy Kocovski,https://www.wlu.ca/academics/faculties/faculty-of-science/faculty-profiles/nancy-kocovski/index.html
Faculty of Science,Psychology,"Evgenia ""Jane"" Milman",https://www.wlu.ca/academics/faculties/faculty-of-science/faculty-profiles/evgenia-milman/index.html
Faculty of Science,Psychology,Anne Wilson,https://www.wlu.ca/academics/faculties/faculty-of-science/faculty-profiles/anne-e-wilson/index.html
Faculty of Social Work,2SLGBTQ+ Social Exclusion,Kathy Absolon,http://wlu.ca/academics/faculties/faculty-of-social-work/faculty-profiles/kathy-absolon/index.html
Faculty of Social Work,2SLGBTQ+ Social Exclusion,Amilah Baksh,https://www.wlu.ca/academics/faculties/faculty-of-social-work/faculty-profiles/amilah-baksh/index.html
Faculty of Social Work,2SLGBTQ+ Social Exclusion,Robert Basso,https://www.wlu.ca/academics/faculties/faculty-of-social-work/faculty-profiles/robert-basso/index.html
Faculty of Social Work,2SLGBTQ+ Social Exclusion,Cheryl-Anne Cait,https://www.wlu.ca/academics/faculties/faculty-of-social-work/faculty-profiles/cheryl-anne-cait/index.html
Faculty of Social Work,2SLGBTQ+ Social Exclusion,Ann Curry-Stevens,https://www.wlu.ca/academics/faculties/faculty-of-social-work/faculty-profiles/ann-curry-stevens/index.html
Faculty of Social Work,2SLGBTQ+ Social Exclusion,Giselle Dias,https://www.wlu.ca/academics/faculties/faculty-of-social-work/faculty-profiles/giselle-dias/index.html
Faculty of Social Work,2SLGBTQ+ Social Exclusion,Nuha Dwaikat-Shaer,https://www.wlu.ca/academics/faculties/faculty-of-social-work/faculty-profiles/nuha-dwaikat-shaer/index.html
Faculty of Social Work,2SLGBTQ+ Social Exclusion,Abdelfettah Elkchirid,https://www.wlu.ca/academics/faculties/faculty-of-social-work/faculty-profiles/abdelfettah-elkchirid/index.html
Faculty of Social Work,2SLGBTQ+ Social Exclusion,Marshall Fine,https://www.wlu.ca/academics/faculties/faculty-of-social-work/faculty-profiles/marshall-fine/index.html
Faculty of Social Work,2SLGBTQ+ Social Exclusion,Nancy Freymond,https://www.wlu.ca/academics/faculties/faculty-of-social-work/faculty-profiles/nancy-freymond/index.html
Faculty of Social Work,2SLGBTQ+ Social Exclusion,Gus Hill,https://www.wlu.ca/academics/faculties/faculty-of-social-work/faculty-profiles/gus-hill/index.html
Faculty of Social Work,2SLGBTQ+ Social Exclusion,Lori Hill,https://www.wlu.ca/academics/faculties/faculty-of-social-work/faculty-profiles/lori-hill/index.html
Faculty of Social Work,2SLGBTQ+ Social Exclusion,Jessica Hutchison,https://www.wlu.ca/academics/faculties/faculty-of-social-work/faculty-profiles/jessica-hutchison/index.html
Faculty of Social Work,2SLGBTQ+ Social Exclusion,Maryam Khan,https://www.wlu.ca/academics/faculties/faculty-of-social-work/faculty-profiles/maryam-khan/index.html
Faculty of Social Work,2SLGBTQ+ Social Exclusion,Patrick Ladouceur,https://www.wlu.ca/academics/faculties/faculty-of-social-work/faculty-profiles/patrick-ladouceur/index.html
Faculty of Social Work,2SLGBTQ+ Social Exclusion,Ginette Lafrenière,https://www.wlu.ca/academics/faculties/faculty-of-social-work/faculty-profiles/ginette-lafreniere/index.html
Faculty of Social Work,2SLGBTQ+ Social Exclusion,Timothy Leduc,https://www.wlu.ca/academics/faculties/faculty-of-social-work/faculty-profiles/tim-leduc/index.html
Faculty of Social Work,2SLGBTQ+ Social Exclusion,Magnus Mfoafo-M'Carthy,https://www.wlu.ca/academics/faculties/faculty-of-social-work/faculty-profiles/magnus-mfoafo-mcarthy/index.html
Faculty of Social Work,2SLGBTQ+ Social Exclusion,William O'Leary,https://www.wlu.ca/academics/faculties/faculty-of-social-work/faculty-profiles/bill-oleary/index.html
Faculty of Social Work,2SLGBTQ+ Social Exclusion,Shoshana Pollack,https://www.wlu.ca/academics/faculties/faculty-of-social-work/faculty-profiles/shoshana-pollack/index.html
Faculty of Social Work,2SLGBTQ+ Social Exclusion,Sandy Rao,https://www.wlu.ca/academics/faculties/faculty-of-social-work/faculty-profiles/sandy-rao/index.html
Faculty of Social Work,2SLGBTQ+ Social Exclusion,Michelle Skop,https://www.wlu.ca/academics/faculties/faculty-of-social-work/faculty-profiles/michelle-skop/index.html
Faculty of Social Work,2SLGBTQ+ Social Exclusion,Eliana Suarez,https://www.wlu.ca/academics/faculties/faculty-of-social-work/faculty-profiles/eliana-barrios-suarez/index.html
Faculty of Social Work,2SLGBTQ+ Social Exclusion,Dalon Taylor,https://www.wlu.ca/academics/faculties/faculty-of-social-work/faculty-profiles/dalon-p-taylor/index.html
Faculty of Social Work,2SLGBTQ+ Social Exclusion,Eli Teram,https://www.wlu.ca/academics/faculties/faculty-of-social-work/faculty-profiles/eli-teram/index.html
Faculty of Social Work,2SLGBTQ+ Social Exclusion,Michael Woodford,https://www.wlu.ca/academics/faculties/faculty-of-social-work/faculty-profiles/michael-r-woodford/index.html
Faculty of Social Work,2SLGBTQ+ Social Exclusion,Elizabeth Dougherty,https://www.wlu.ca/academics/faculties/faculty-of-social-work/faculty-profiles/elizabeth-dougherty/index.html
